group,label,eta,theta,theta_over_pi,leakage_mode,leakage_policy,k_opt,p_opt,p_final,auc,first_peak,second_peak,kappa,l2_from_ideal,max_abs_gap_from_ideal,name,p1,p2,p_meas
combined_nisq_leakage,ideal_backend theta/pi=0.00,,0.0,0.0,,persistent,8,0.9990234375,0.9296875,0.489814453125,"(np.int64(2), np.float64(0.25537109375))","(np.int64(4), np.float64(0.61328125))",,0.01090947847967216,0.0244140625,ideal_backend,0.0,0.0,0.0
combined_nisq_leakage,ideal_backend theta/pi=0.25,,0.7853981633974483,0.25,parity,persistent,9,0.884765625,0.82958984375,0.435439453125,"(np.int64(2), np.float64(0.2470703125))","(np.int64(9), np.float64(0.884765625))",,0.06979683128077432,0.13232421875,ideal_backend,0.0,0.0,0.0
combined_nisq_leakage,ideal_backend theta/pi=1.00,,3.141592653589793,1.0,parity,persistent,9,0.5283203125,0.49169921875,0.2583203125,"(np.int64(4), np.float64(0.326171875))","(np.int64(9), np.float64(0.5283203125))",,0.28811416984991367,0.482421875,ideal_backend,0.0,0.0,0.0
combined_nisq_leakage,mild_nisq theta/pi=0.00,,0.0,0.0,,persistent,4,0.25341796875,0.04736328125,0.117236328125,"(np.int64(2), np.float64(0.158203125))","(np.int64(4), np.float64(0.25341796875))",,0.48883451602738726,0.884765625,mild_nisq,0.001,0.005,0.02
combined_nisq_leakage,mild_nisq theta/pi=0.25,,0.7853981633974483,0.25,parity,persistent,4,0.22021484375,0.03662109375,0.10150390625,"(np.int64(2), np.float64(0.14794921875))","(np.int64(4), np.float64(0.22021484375))",,0.5019338147931414,0.8955078125,mild_nisq,0.001,0.005,0.02
combined_nisq_leakage,mild_nisq theta/pi=1.00,,3.141592653589793,1.0,parity,persistent,6,0.15966796875,0.0380859375,0.07671875,"(np.int64(2), np.float64(0.099609375))","(np.int64(4), np.float64(0.15771484375))",,0.5283469024349914,0.89404296875,mild_nisq,0.001,0.005,0.02
